STATE,STATENAME,ST_CASE,PEDS,PERNOTMVIT,VE_TOTAL,VE_FORMS,PVH_INVL,PERSONS,PERMVIT,COUNTY,COUNTYNAME,CITY,CITYNAME,MONTH,MONTHNAME,DAY,DAYNAME,DAY_WEEK,DAY_WEEKNAME,YEAR,HOUR,HOURNAME,MINUTE,MINUTENAME,TWAY_ID,TWAY_ID2,ROUTE,ROUTENAME,RUR_URB,RUR_URBNAME,FUNC_SYS,FUNC_SYSNAME,RD_OWNER,RD_OWNERNAME,NHS,NHSNAME,SP_JUR,SP_JURNAME,MILEPT,MILEPTNAME,LATITUDE,LATITUDENAME,LONGITUD,LONGITUDNAME,HARM_EV,HARM_EVNAME,MAN_COLL,MAN_COLLNAME,RELJCT1,RELJCT1NAME,RELJCT2,RELJCT2NAME,TYP_INT,TYP_INTNAME,REL_ROAD,REL_ROADNAME,WRK_ZONE,WRK_ZONENAME,LGT_COND,LGT_CONDNAME,WEATHER,WEATHERNAME,SCH_BUS,SCH_BUSNAME,RAIL,RAILNAME,NOT_HOUR,NOT_HOURNAME,NOT_MIN,NOT_MINNAME,ARR_HOUR,ARR_HOURNAME,ARR_MIN,ARR_MINNAME,HOSP_HR,HOSP_HRNAME,HOSP_MN,HOSP_MNNAME,FATALS
25,Massachusetts,250115,1,1,1,1,0,1,1,21,NORFOLK (21),710,MEDFIELD,5,May,20,20,6,Friday,2022,6,6:00am-6:59am,23,23,CAUSEWAY ST,NA,8,Other,2,Urban,7,Local,3,Town or Township Highway Agency,0,This section IS NOT on the NHS,0,No Special Jurisdiction,19,19,42.17692222,42.17692222,-71.31350278,-71.31350278,8,Pedestrian,0,The First Harmful Event was Not a Collision with a Motor Vehicle in Transport,0,No,1,Non-Junction,1,Not an Intersection,1,On Roadway,0,None,1,Daylight,1,Clear,0,No,0000000,Not Applicable,6,6:00am-6:59am,24,24,6,6:00am-6:59am,27,27,6,6:00am-6:59am,55,55,1
25,Massachusetts,250116,0,0,1,1,0,1,1,13,HAMPDEN (13),15,SPRINGFIELD,5,May,21,21,7,Saturday,2022,0,0:00am-0:59am,28,28,S WESTFIELD ST,NA,8,Other,2,Urban,5,Major Collector,3,Town or Township Highway Agency,0,This section IS NOT on the NHS,0,No Special Jurisdiction,99998,Not Reported,42.046325,42.046325,-72.67323333,-72.67323333,30,Utility Pole/Light Support,0,The First Harmful Event was Not a Collision with a Motor Vehicle in Transport,0,No,1,Non-Junction,1,Not an Intersection,4,On Roadside,0,None,3,Dark - Lighted,1,Clear,0,No,0000000,Not Applicable,0,0:00am-0:59am,29,29,0,0:00am-0:59am,33,33,1,1:00am-1:59am,7,7,1
25,Massachusetts,250117,0,0,1,1,0,2,2,27,WORCESTER (27),900,NORTHBOROUGH,5,May,22,22,1,Sunday,2022,8,8:00am-8:59am,54,54,I-290,NA,1,Interstate,2,Urban,1,Interstate,1,State Highway Agency,1,This section IS ON the NHS,0,No Special Jurisdiction,99998,Not Reported,42.34473056,42.34473056,-71.62763889,-71.62763889,1,Rollover/Overturn,0,The First Harmful Event was Not a Collision with a Motor Vehicle in Transport,1,Yes,5,Entrance/Exit Ramp Related,1,Not an Intersection,4,On Roadside,0,None,1,Daylight,1,Clear,0,No,0000000,Not Applicable,8,8:00am-8:59am,12,12,8,8:00am-8:59am,22,22,8,8:00am-8:59am,46,46,1
25,Massachusetts,250118,1,1,1,1,0,1,1,25,SUFFOLK (25),120,BOSTON,5,May,28,28,7,Saturday,2022,21,9:00pm-9:59pm,17,17,MASSACHUSETTS AVE,HARRISON AVE,8,Other,2,Urban,3,Principal Arterial - Other,4,City or Municipal Highway Agency,1,This section IS ON the NHS,0,No Special Jurisdiction,99998,Not Reported,42.33495278,42.33495278,-71.07511389,-71.07511389,15,Non-Motorist on Personal Conveyance,0,The First Harmful Event was Not a Collision with a Motor Vehicle in Transport,0,No,2,Intersection,2,Four-Way Intersection,1,On Roadway,0,None,3,Dark - Lighted,1,Clear,0,No,0000000,Not Applicable,21,9:00pm-9:59pm,18,18,21,9:00pm-9:59pm,18,18,21,9:00pm-9:59pm,26,26,1
25,Massachusetts,250119,0,0,2,2,0,2,2,17,MIDDLESEX (17),105,EAST BILLERICA,5,May,26,26,5,Thursday,2022,22,10:00pm-10:59pm,27,27,SR-3A BOSTON RD,NA,3,State Highway,2,Urban,3,Principal Arterial - Other,1,State Highway Agency,1,This section IS ON the NHS,0,No Special Jurisdiction,83,83,42.54766111,42.54766111,-71.2561,-71.2561,12,Motor Vehicle In-Transport,2,Front-to-Front,0,No,1,Non-Junction,1,Not an Intersection,1,On Roadway,0,None,3,Dark - Lighted,1,Clear,0,No,0000000,Not Applicable,22,10:00pm-10:59pm,34,34,22,10:00pm-10:59pm,37,37,22,10:00pm-10:59pm,53,53,1
25,Massachusetts,250120,0,0,1,1,0,1,1,17,MIDDLESEX (17),36,ASHLAND,5,May,18,18,4,Wednesday,2022,13,1:00pm-1:59pm,28,28,SPYGLASS HILL DR,EASTBLUFF RD,8,Other,2,Urban,7,Local,3,Town or Township Highway Agency,0,This section IS NOT on the NHS,0,No Special Jurisdiction,0,None,42.23960833,42.23960833,-71.42875556,-71.42875556,42,Tree (Standing Only),0,The First Harmful Event was Not a Collision with a Motor Vehicle in Transport,0,No,3,Intersection-Related,3,T-Intersection,5,Outside Trafficway,0,None,1,Daylight,1,Clear,0,No,0000000,Not Applicable,13,1:00pm-1:59pm,30,30,13,1:00pm-1:59pm,34,34,13,1:00pm-1:59pm,58,58,1
25,Massachusetts,250121,0,0,1,1,0,3,3,13,HAMPDEN (13),624,LONGMEADOW,5,May,7,7,7,Saturday,2022,1,1:00am-1:59am,35,35,GREEN WILLOW DR,NA,8,Other,2,Urban,7,Local,3,Town or Township Highway Agency,0,This section IS NOT on the NHS,0,No Special Jurisdiction,0,None,42.06069444,42.06069444,-72.5508,-72.5508,42,Tree (Standing Only),0,The First Harmful Event was Not a Collision with a Motor Vehicle in Transport,0,No,1,Non-Junction,1,Not an Intersection,5,Outside Trafficway,0,None,3,Dark - Lighted,10,Cloudy,0,No,0000000,Not Applicable,1,1:00am-1:59am,38,38,1,1:00am-1:59am,44,44,99,Unknown,99,Unknown EMS Hospital Arrival Time,1
25,Massachusetts,250122,0,0,2,2,0,5,5,27,WORCESTER (27),390,GARDNER,5,May,20,20,6,Friday,2022,18,6:00pm-6:59pm,37,37,SR-140,STONE ST,3,State Highway,2,Urban,3,Principal Arterial - Other,1,State Highway Agency,1,This section IS ON the NHS,0,No Special Jurisdiction,1021,1021,42.60401111,42.60401111,-71.98804722,-71.98804722,12,Motor Vehicle In-Transport,6,Angle,0,No,2,Intersection,3,T-Intersection,1,On Roadway,0,None,1,Daylight,1,Clear,0,No,0000000,Not Applicable,18,6:00pm-6:59pm,37,37,18,6:00pm-6:59pm,43,43,19,7:00pm-7:59pm,41,41,1
25,Massachusetts,250123,1,1,1,1,0,3,3,23,PLYMOUTH (23),140,BROCKTON,5,May,18,18,4,Wednesday,2022,6,6:00am-6:59am,38,38,W CHESTNUT ST,NA,8,Other,2,Urban,3,Principal Arterial - Other,4,City or Municipal Highway Agency,1,This section IS ON the NHS,0,No Special Jurisdiction,14,14,42.05631667,42.05631667,-71.03743056,-71.03743056,8,Pedestrian,0,The First Harmful Event was Not a Collision with a Motor Vehicle in Transport,0,No,1,Non-Junction,1,Not an Intersection,1,On Roadway,0,None,1,Daylight,1,Clear,0,No,0000000,Not Applicable,6,6:00am-6:59am,38,38,6,6:00am-6:59am,40,40,6,6:00am-6:59am,50,50,1
25,Massachusetts,250124,0,0,1,1,0,1,1,17,MIDDLESEX (17),1503,WINCHESTER,5,May,20,20,6,Friday,2022,23,11:00pm-11:59pm,13,13,US-3 CAMBRIDGE ST,NA,2,US Highway,2,Urban,3,Principal Arterial - Other,1,State Highway Agency,1,This section IS ON the NHS,0,No Special Jurisdiction,251,251,42.45927222,42.45927222,-71.16354167,-71.16354167,33,Curb,0,The First Harmful Event was Not a Collision with a Motor Vehicle in Transport,0,No,1,Non-Junction,1,Not an Intersection,4,On Roadside,0,None,2,Dark - Not Lighted,10,Cloudy,0,No,0000000,Not Applicable,23,11:00pm-11:59pm,10,10,23,11:00pm-11:59pm,16,16,23,11:00pm-11:59pm,58,58,1
25,Massachusetts,250125,1,1,1,1,0,1,1,5,BRISTOL (5),1280,TOWN OF DIGHTON,5,May,22,22,1,Sunday,2022,21,9:00pm-9:59pm,25,25,US-44 WINTHROP ST,SILVER ST,2,US Highway,2,Urban,3,Principal Arterial - Other,1,State Highway Agency,1,This section IS ON the NHS,0,No Special Jurisdiction,134,134,41.89356389,41.89356389,-71.10614722,-71.10614722,8,Pedestrian,0,The First Harmful Event was Not a Collision with a Motor Vehicle in Transport,0,No,2,Intersection,3,T-Intersection,1,On Roadway,0,None,2,Dark - Not Lighted,1,Clear,0,No,0000000,Not Applicable,21,9:00pm-9:59pm,28,28,21,9:00pm-9:59pm,29,29,21,9:00pm-9:59pm,52,52,1
25,Massachusetts,250126,0,0,1,1,0,2,2,21,NORFOLK (21),125,QUINCY,5,May,27,27,6,Friday,2022,0,0:00am-0:59am,56,56,SR-3 PILGRIMS HWY,NA,3,State Highway,2,Urban,2,Principal Arterial - Other Freeways and Expressways,1,State Highway Agency,1,This section IS ON the NHS,0,No Special Jurisdiction,495,495,42.22746944,42.22746944,-71.00872222,-71.00872222,42,Tree (Standing Only),0,The First Harmful Event was Not a Collision with a Motor Vehicle in Transport,0,No,1,Non-Junction,1,Not an Intersection,4,On Roadside,0,None,3,Dark - Lighted,1,Clear,0,No,0000000,Not Applicable,1,1:00am-1:59am,2,2,1,1:00am-1:59am,13,13,1,1:00am-1:59am,35,35,1
25,Massachusetts,250127,1,1,1,1,0,1,1,9,ESSEX (9),470,HAVERHILL,5,May,27,27,6,Friday,2022,23,11:00pm-11:59pm,50,50,SR-125 SOUTH MAIN ST,NA,3,State Highway,2,Urban,3,Principal Arterial - Other,1,State Highway Agency,1,This section IS ON the NHS,0,No Special Jurisdiction,140,140,42.75891111,42.75891111,-71.09508611,-71.09508611,8,Pedestrian,0,The First Harmful Event was Not a Collision with a Motor Vehicle in Transport,0,No,1,Non-Junction,1,Not an Intersection,1,On Roadway,0,None,2,Dark - Not Lighted,1,Clear,0,No,0000000,Not Applicable,23,11:00pm-11:59pm,52,52,23,11:00pm-11:59pm,59,59,0,0:00am-0:59am,14,14,1
25,Massachusetts,250128,0,0,2,2,0,2,2,13,HAMPDEN (13),15,SPRINGFIELD,5,May,20,20,6,Friday,2022,15,3:00pm-3:59pm,27,27,BOSTON RD,BARBER ST,8,Other,2,Urban,3,Principal Arterial - Other,4,City or Municipal Highway Agency,1,This section IS ON the NHS,0,No Special Jurisdiction,36,36,42.12685833,42.12685833,-72.53185,-72.53185,5,Fell/Jumped from Vehicle,0,The First Harmful Event was Not a Collision with a Motor Vehicle in Transport,0,No,2,Intersection,3,T-Intersection,1,On Roadway,0,None,1,Daylight,1,Clear,0,No,0000000,Not Applicable,15,3:00pm-3:59pm,28,28,15,3:00pm-3:59pm,34,34,16,4:00pm-4:59pm,21,21,1
25,Massachusetts,250129,1,1,1,1,0,2,2,25,SUFFOLK (25),120,BOSTON,5,May,29,29,1,Sunday,2022,20,8:00pm-8:59pm,7,7,CAMBRIDGE ST,BLOSSOM ST,8,Other,2,Urban,3,Principal Arterial - Other,4,City or Municipal Highway Agency,1,This section IS ON the NHS,0,No Special Jurisdiction,99998,Not Reported,42.36123333,42.36123333,-71.06695278,-71.06695278,8,Pedestrian,0,The First Harmful Event was Not a Collision with a Motor Vehicle in Transport,0,No,3,Intersection-Related,2,Four-Way Intersection,1,On Roadway,0,None,3,Dark - Lighted,1,Clear,0,No,0000000,Not Applicable,20,8:00pm-8:59pm,9,9,20,8:00pm-8:59pm,10,10,20,8:00pm-8:59pm,22,22,1
25,Massachusetts,250130,1,1,1,1,0,2,2,15,HAMPSHIRE (15),890,NORTHAMPTON,6,June,1,1,4,Wednesday,2022,10,10:00am-10:59am,9,9,US-5/SR-10 KING ST,NA,2,US Highway,2,Urban,4,Minor Arterial,1,State Highway Agency,0,This section IS NOT on the NHS,0,No Special Jurisdiction,229,229,42.32134444,42.32134444,-72.63152778,-72.63152778,8,Pedestrian,0,The First Harmful Event was Not a Collision with a Motor Vehicle in Transport,0,No,8,Driveway Access Related,1,Not an Intersection,1,On Roadway,0,None,1,Daylight,10,Cloudy,0,No,0000000,Not Applicable,10,10:00am-10:59am,10,10,10,10:00am-10:59am,11,11,10,10:00am-10:59am,37,37,1
25,Massachusetts,250131,0,0,1,1,0,3,3,3,BERKSHIRE (3),1145,SHEFFIELD,6,June,1,1,4,Wednesday,2022,11,11:00am-11:59am,46,46,US-7 S MAIN ST,NA,2,US Highway,1,Rural,3,Principal Arterial - Other,1,State Highway Agency,1,This section IS ON the NHS,0,No Special Jurisdiction,29,29,42.08738611,42.08738611,-73.34565,-73.34565,42,Tree (Standing Only),0,The First Harmful Event was Not a Collision with a Motor Vehicle in Transport,0,No,1,Non-Junction,1,Not an Intersection,5,Outside Trafficway,0,None,1,Daylight,10,Cloudy,0,No,0000000,Not Applicable,11,11:00am-11:59am,51,51,11,11:00am-11:59am,58,58,12,12:00pm-12:59pm,21,21,1
25,Massachusetts,250132,1,1,1,1,0,1,1,9,ESSEX (9),1114,SALISBURY,5,May,26,26,5,Thursday,2022,8,8:00am-8:59am,18,18,SR-1A BEACH RD,NA,3,State Highway,2,Urban,4,Minor Arterial,1,State Highway Agency,0,This section IS NOT on the NHS,0,No Special Jurisdiction,99998,Not Reported,42.8402,42.8402,-70.83358889,-70.83358889,9,Pedalcyclist,0,The First Harmful Event was Not a Collision with a Motor Vehicle in Transport,0,No,8,Driveway Access Related,1,Not an Intersection,1,On Roadway,0,None,1,Daylight,1,Clear,0,No,0000000,Not Applicable,8,8:00am-8:59am,24,24,8,8:00am-8:59am,48,48,9,9:00am-9:59am,31,31,1
25,Massachusetts,250133,1,1,1,1,0,1,1,17,MIDDLESEX (17),9997,Other,6,June,3,3,6,Friday,2022,23,11:00pm-11:59pm,15,15,US-3 ALEWIFE BROOK PKWY,NA,2,US Highway,2,Urban,3,Principal Arterial - Other,1,State Highway Agency,1,This section IS ON the NHS,0,No Special Jurisdiction,310,310,42.3891,42.3891,-71.143,-71.143,8,Pedestrian,0,The First Harmful Event was Not a Collision with a Motor Vehicle in Transport,0,No,1,Non-Junction,1,Not an Intersection,1,On Roadway,0,None,3,Dark - Lighted,2,Rain,0,No,0000000,Not Applicable,23,11:00pm-11:59pm,18,18,23,11:00pm-11:59pm,22,22,23,11:00pm-11:59pm,49,49,1
25,Massachusetts,250134,0,0,2,2,0,3,3,13,HAMPDEN (13),15,SPRINGFIELD,6,June,3,3,6,Friday,2022,23,11:00pm-11:59pm,2,2,WILBRAHAM RD,ROOSEVELT AVE,5,Local Street - Township,2,Urban,4,Minor Arterial,4,City or Municipal Highway Agency,0,This section IS NOT on the NHS,0,No Special Jurisdiction,0,None,42.11296667,42.11296667,-72.54778333,-72.54778333,12,Motor Vehicle In-Transport,6,Angle,0,No,2,Intersection,2,Four-Way Intersection,1,On Roadway,0,None,3,Dark - Lighted,1,Clear,0,No,0000000,Not Applicable,23,11:00pm-11:59pm,3,3,23,11:00pm-11:59pm,6,6,23,11:00pm-11:59pm,30,30,1
25,Massachusetts,250135,0,0,2,2,0,2,2,5,BRISTOL (5),254,DIGHTON,6,June,3,3,6,Friday,2022,20,8:00pm-8:59pm,6,6,ELM ST,MAIN ST,5,Local Street - Township,2,Urban,7,Local,3,Town or Township Highway Agency,0,This section IS NOT on the NHS,0,No Special Jurisdiction,20,20,41.81591944,41.81591944,-71.12917222,-71.12917222,12,Motor Vehicle In-Transport,6,Angle,0,No,2,Intersection,2,Four-Way Intersection,1,On Roadway,0,None,5,Dusk,10,Cloudy,0,No,0000000,Not Applicable,20,8:00pm-8:59pm,8,8,20,8:00pm-8:59pm,8,8,88,Not Applicable (Not Transported),88,Not Applicable (Not Transported),1
25,Massachusetts,250136,0,0,1,1,0,1,1,27,WORCESTER (27),185,CHARLTON DEPOT,5,May,22,22,1,Sunday,2022,20,8:00pm-8:59pm,49,49,US-20 EB WORCESTER RD,NA,2,US Highway,2,Urban,3,Principal Arterial - Other,1,State Highway Agency,1,This section IS ON the NHS,0,No Special Jurisdiction,99998,Not Reported,42.14426111,42.14426111,-71.96338333,-71.96338333,18,Other Object (not fixed),0,The First Harmful Event was Not a Collision with a Motor Vehicle in Transport,0,No,1,Non-Junction,1,Not an Intersection,4,On Roadside,0,None,2,Dark - Not Lighted,2,Rain,0,No,0000000,Not Applicable,20,8:00pm-8:59pm,50,50,20,8:00pm-8:59pm,54,54,88,Not Applicable (Not Transported),88,Not Applicable (Not Transported),1
25,Massachusetts,250137,0,0,5,5,0,7,7,9,ESSEX (9),1110,SALEM,5,May,4,4,4,Wednesday,2022,16,4:00pm-4:59pm,28,28,SR-107 HIGHLAND AVE,NA,3,State Highway,2,Urban,3,Principal Arterial - Other,1,State Highway Agency,1,This section IS ON the NHS,0,No Special Jurisdiction,40,40,42.49894722,42.49894722,-70.92929167,-70.92929167,12,Motor Vehicle In-Transport,8,Sideswipe - Opposite Direction,0,No,1,Non-Junction,1,Not an Intersection,1,On Roadway,0,None,1,Daylight,2,Rain,0,No,0000000,Not Applicable,16,4:00pm-4:59pm,32,32,16,4:00pm-4:59pm,35,35,17,5:00pm-5:59pm,4,4,2
25,Massachusetts,250138,1,1,1,1,0,1,1,21,NORFOLK (21),256,DEDHAM,5,May,28,28,7,Saturday,2022,22,10:00pm-10:59pm,55,55,PROVIDENCE HIGHWAY,PROVIDENCE HIGHWAY,8,Other,2,Urban,3,Principal Arterial - Other,1,State Highway Agency,1,This section IS ON the NHS,0,No Special Jurisdiction,99998,Not Reported,42.24035,42.24035,-71.17691111,-71.17691111,8,Pedestrian,0,The First Harmful Event was Not a Collision with a Motor Vehicle in Transport,0,No,3,Intersection-Related,2,Four-Way Intersection,1,On Roadway,0,None,2,Dark - Not Lighted,1,Clear,0,No,0000000,Not Applicable,22,10:00pm-10:59pm,58,58,23,11:00pm-11:59pm,0,0,23,11:00pm-11:59pm,29,29,1
25,Massachusetts,250139,0,0,1,1,0,1,1,5,BRISTOL (5),254,DIGHTON,7,July,5,5,3,Tuesday,2022,9,9:00am-9:59am,35,35,WELLINGTON ST,NA,8,Other,2,Urban,7,Local,3,Town or Township Highway Agency,0,This section IS NOT on the NHS,0,No Special Jurisdiction,99998,Not Reported,41.83081111,41.83081111,-71.16081111,-71.16081111,42,Tree (Standing Only),0,The First Harmful Event was Not a Collision with a Motor Vehicle in Transport,0,No,1,Non-Junction,1,Not an Intersection,4,On Roadside,0,None,1,Daylight,1,Clear,0,No,0000000,Not Applicable,9,9:00am-9:59am,36,36,9,9:00am-9:59am,43,43,10,10:00am-10:59am,10,10,1
25,Massachusetts,250140,0,0,1,1,0,1,1,27,WORCESTER (27),350,FITCHBURG,7,July,8,8,6,Friday,2022,5,5:00am-5:59am,55,55,SR-2,NA,3,State Highway,2,Urban,3,Principal Arterial - Other,1,State Highway Agency,1,This section IS ON the NHS,0,No Special Jurisdiction,445,445,42.55131667,42.55131667,-71.7876,-71.7876,24,Guardrail Face,0,The First Harmful Event was Not a Collision with a Motor Vehicle in Transport,0,No,1,Non-Junction,1,Not an Intersection,4,On Roadside,0,None,4,Dawn,1,Clear,0,No,0000000,Not Applicable,5,5:00am-5:59am,53,53,5,5:00am-5:59am,59,59,88,Not Applicable (Not Transported),88,Not Applicable (Not Transported),1
25,Massachusetts,250141,0,0,1,1,0,1,1,13,HAMPDEN (13),500,HOLYOKE,7,July,8,8,6,Friday,2022,5,5:00am-5:59am,2,2,SR-116 CANAL ST,NA,3,State Highway,2,Urban,4,Minor Arterial,4,City or Municipal Highway Agency,0,This section IS NOT on the NHS,0,No Special Jurisdiction,60,60,42.206425,42.206425,-72.60171667,-72.60171667,30,Utility Pole/Light Support,0,The First Harmful Event was Not a Collision with a Motor Vehicle in Transport,0,No,1,Non-Junction,1,Not an Intersection,4,On Roadside,0,None,4,Dawn,2,Rain,0,No,0000000,Not Applicable,5,5:00am-5:59am,10,10,5,5:00am-5:59am,50,50,6,6:00am-6:59am,3,3,1
25,Massachusetts,250142,0,0,1,1,0,1,1,25,SUFFOLK (25),200,CHELSEA,7,July,12,12,3,Tuesday,2022,15,3:00pm-3:59pm,27,27,LIBRARY ST,NA,8,Other,2,Urban,7,Local,4,City or Municipal Highway Agency,0,This section IS NOT on the NHS,0,No Special Jurisdiction,99998,Not Reported,42.39267222,42.39267222,-71.02703056,-71.02703056,42,Tree (Standing Only),0,The First Harmful Event was Not a Collision with a Motor Vehicle in Transport,0,No,8,Driveway Access Related,1,Not an Intersection,4,On Roadside,0,None,1,Daylight,1,Clear,0,No,0000000,Not Applicable,15,3:00pm-3:59pm,26,26,15,3:00pm-3:59pm,36,36,88,Not Applicable (Not Transported),88,Not Applicable (Not Transported),1
25,Massachusetts,250143,1,1,1,1,0,1,1,25,SUFFOLK (25),120,BOSTON,6,June,4,4,7,Saturday,2022,1,1:00am-1:59am,3,3,SR-28 STORROW DR,NA,3,State Highway,2,Urban,3,Principal Arterial - Other,21,Other State Agency,1,This section IS ON the NHS,0,No Special Jurisdiction,1233,1233,42.36448611,42.36448611,-71.06986389,-71.06986389,8,Pedestrian,0,The First Harmful Event was Not a Collision with a Motor Vehicle in Transport,0,No,1,Non-Junction,1,Not an Intersection,1,On Roadway,0,None,3,Dark - Lighted,1,Clear,0,No,0000000,Not Applicable,1,1:00am-1:59am,9,9,1,1:00am-1:59am,15,15,88,Not Applicable (Not Transported),88,Not Applicable (Not Transported),1
25,Massachusetts,250144,1,1,1,1,0,1,1,25,SUFFOLK (25),120,BOSTON,7,July,13,13,4,Wednesday,2022,12,12:00pm-12:59pm,9,9,HUNTINGTON AVE,MASSACHUSETTS AVE,8,Other,2,Urban,3,Principal Arterial - Other,4,City or Municipal Highway Agency,1,This section IS ON the NHS,0,No Special Jurisdiction,99998,Not Reported,42.34282778,42.34282778,-71.08499444,-71.08499444,9,Pedalcyclist,0,The First Harmful Event was Not a Collision with a Motor Vehicle in Transport,0,No,2,Intersection,2,Four-Way Intersection,1,On Roadway,0,None,1,Daylight,1,Clear,0,No,0000000,Not Applicable,12,12:00pm-12:59pm,11,11,12,12:00pm-12:59pm,17,17,12,12:00pm-12:59pm,39,39,1
25,Massachusetts,250145,0,0,1,1,0,1,1,23,PLYMOUTH (23),560,KINGSTON,7,July,16,16,7,Saturday,2022,19,7:00pm-7:59pm,26,26,PARKS ST,NA,8,Other,2,Urban,5,Major Collector,3,Town or Township Highway Agency,0,This section IS NOT on the NHS,0,No Special Jurisdiction,0,None,42.00040556,42.00040556,-70.71905278,-70.71905278,42,Tree (Standing Only),0,The First Harmful Event was Not a Collision with a Motor Vehicle in Transport,0,No,1,Non-Junction,1,Not an Intersection,4,On Roadside,0,None,5,Dusk,1,Clear,0,No,0000000,Not Applicable,19,7:00pm-7:59pm,26,26,19,7:00pm-7:59pm,29,29,19,7:00pm-7:59pm,59,59,1
25,Massachusetts,250146,0,0,2,2,0,3,3,21,NORFOLK (21),58,AVON,7,July,23,23,7,Saturday,2022,2,2:00am-2:59am,23,23,SR-24,NA,3,State Highway,2,Urban,2,Principal Arterial - Other Freeways and Expressways,1,State Highway Agency,1,This section IS ON the NHS,0,No Special Jurisdiction,353,353,42.12571111,42.12571111,-71.06224722,-71.06224722,12,Motor Vehicle In-Transport,1,Front-to-Rear,1,Yes,18,Through Roadway,1,Not an Intersection,1,On Roadway,0,None,3,Dark - Lighted,1,Clear,0,No,0000000,Not Applicable,2,2:00am-2:59am,37,37,2,2:00am-2:59am,41,41,99,Unknown,99,Unknown EMS Hospital Arrival Time,1
25,Massachusetts,250147,0,0,1,1,0,1,1,9,ESSEX (9),35,ANDOVER,7,July,24,24,1,Sunday,2022,11,11:00am-11:59am,25,25,I-495,NA,1,Interstate,2,Urban,1,Interstate,1,State Highway Agency,1,This section IS ON the NHS,0,No Special Jurisdiction,236,236,42.66357778,42.66357778,-71.19527778,-71.19527778,35,Embankment,0,The First Harmful Event was Not a Collision with a Motor Vehicle in Transport,1,Yes,19,Other location within Interchange Area,1,Not an Intersection,3,On Median,0,None,1,Daylight,1,Clear,0,No,0000000,Not Applicable,11,11:00am-11:59am,27,27,11,11:00am-11:59am,35,35,99,Unknown,99,Unknown EMS Hospital Arrival Time,1
25,Massachusetts,250148,0,0,2,2,0,3,3,9,ESSEX (9),650,LYNN,7,July,24,24,1,Sunday,2022,10,10:00am-10:59am,28,28,GRANT RD,QUINN RD,8,Other,2,Urban,7,Local,4,City or Municipal Highway Agency,0,This section IS NOT on the NHS,0,No Special Jurisdiction,99998,Not Reported,42.50193056,42.50193056,-70.98334722,-70.98334722,12,Motor Vehicle In-Transport,6,Angle,0,No,2,Intersection,3,T-Intersection,1,On Roadway,0,None,1,Daylight,1,Clear,0,No,0000000,Not Applicable,10,10:00am-10:59am,39,39,10,10:00am-10:59am,46,46,11,11:00am-11:59am,13,13,1
25,Massachusetts,250149,0,0,1,1,0,1,1,1,BARNSTABLE (1),330,FALMOUTH,6,June,4,4,7,Saturday,2022,12,12:00pm-12:59pm,29,29,EDGEWATER DR,NA,5,Local Street - Township,2,Urban,7,Local,3,Town or Township Highway Agency,0,This section IS NOT on the NHS,0,No Special Jurisdiction,0,None,41.572175,41.572175,-70.53605,-70.53605,30,Utility Pole/Light Support,0,The First Harmful Event was Not a Collision with a Motor Vehicle in Transport,0,No,1,Non-Junction,1,Not an Intersection,4,On Roadside,0,None,1,Daylight,1,Clear,0,No,0000000,Not Applicable,12,12:00pm-12:59pm,29,29,12,12:00pm-12:59pm,40,40,13,1:00pm-1:59pm,4,4,1
25,Massachusetts,250150,0,0,1,1,0,1,1,17,MIDDLESEX (17),1335,WAKEFIELD,7,July,26,26,3,Tuesday,2022,15,3:00pm-3:59pm,1,1,NORTH AVE,NA,8,Other,2,Urban,4,Minor Arterial,3,Town or Township Highway Agency,0,This section IS NOT on the NHS,0,No Special Jurisdiction,0,None,42.49924722,42.49924722,-71.07274444,-71.07274444,33,Curb,0,The First Harmful Event was Not a Collision with a Motor Vehicle in Transport,0,No,8,Driveway Access Related,1,Not an Intersection,4,On Roadside,0,None,1,Daylight,1,Clear,0,No,0000000,Not Applicable,15,3:00pm-3:59pm,2,2,15,3:00pm-3:59pm,9,9,15,3:00pm-3:59pm,29,29,1
25,Massachusetts,250151,0,0,1,1,0,1,1,11,FRANKLIN (11),960,ORANGE,6,June,4,4,7,Saturday,2022,16,4:00pm-4:59pm,20,20,28 WARWICK RD,NA,5,Local Street - Township,1,Rural,5,Major Collector,3,Town or Township Highway Agency,0,This section IS NOT on the NHS,0,No Special Jurisdiction,0,None,42.601775,42.601775,-72.33481111,-72.33481111,42,Tree (Standing Only),0,The First Harmful Event was Not a Collision with a Motor Vehicle in Transport,0,No,1,Non-Junction,1,Not an Intersection,4,On Roadside,0,None,1,Daylight,1,Clear,0,No,0000000,Not Applicable,16,4:00pm-4:59pm,21,21,16,4:00pm-4:59pm,30,30,17,5:00pm-5:59pm,3,3,1
25,Massachusetts,250152,0,0,1,1,0,1,1,13,HAMPDEN (13),210,CHICOPEE,7,July,29,29,6,Friday,2022,19,7:00pm-7:59pm,25,25,I-391 RAMP,NA,1,Interstate,2,Urban,1,Interstate,1,State Highway Agency,1,This section IS ON the NHS,0,No Special Jurisdiction,99998,Not Reported,42.18106944,42.18106944,-72.60581667,-72.60581667,1,Rollover/Overturn,0,The First Harmful Event was Not a Collision with a Motor Vehicle in Transport,1,Yes,5,Entrance/Exit Ramp Related,1,Not an Intersection,1,On Roadway,0,None,1,Daylight,1,Clear,0,No,0000000,Not Applicable,19,7:00pm-7:59pm,17,17,19,7:00pm-7:59pm,24,24,19,7:00pm-7:59pm,36,36,1