STATE,STATENAME,ST_CASE,PEDS,PERNOTMVIT,VE_TOTAL,VE_FORMS,PVH_INVL,PERSONS,PERMVIT,COUNTY,COUNTYNAME,CITY,CITYNAME,MONTH,MONTHNAME,DAY,DAYNAME,DAY_WEEK,DAY_WEEKNAME,YEAR,HOUR,HOURNAME,MINUTE,MINUTENAME,TWAY_ID,TWAY_ID2,ROUTE,ROUTENAME,RUR_URB,RUR_URBNAME,FUNC_SYS,FUNC_SYSNAME,RD_OWNER,RD_OWNERNAME,NHS,NHSNAME,SP_JUR,SP_JURNAME,MILEPT,MILEPTNAME,LATITUDE,LATITUDENAME,LONGITUD,LONGITUDNAME,HARM_EV,HARM_EVNAME,MAN_COLL,MAN_COLLNAME,RELJCT1,RELJCT1NAME,RELJCT2,RELJCT2NAME,TYP_INT,TYP_INTNAME,REL_ROAD,REL_ROADNAME,WRK_ZONE,WRK_ZONENAME,LGT_COND,LGT_CONDNAME,WEATHER,WEATHERNAME,SCH_BUS,SCH_BUSNAME,RAIL,RAILNAME,NOT_HOUR,NOT_HOURNAME,NOT_MIN,NOT_MINNAME,ARR_HOUR,ARR_HOURNAME,ARR_MIN,ARR_MINNAME,HOSP_HR,HOSP_HRNAME,HOSP_MN,HOSP_MNNAME,FATALS
25,Massachusetts,250191,1,1,1,1,0,1,1,9,ESSEX (9),470,HAVERHILL,9,September,26,26,2,Monday,2022,20,8:00pm-8:59pm,47,47,SR-97 WINTER ST,LOCUST ST,3,State Highway,2,Urban,4,Minor Arterial,4,City or Municipal Highway Agency,0,This section IS NOT on the NHS,0,No Special Jurisdiction,196,196,42.77777222,42.77777222,-71.08374167,-71.08374167,8,Pedestrian,0,The First Harmful Event was Not a Collision with a Motor Vehicle in Transport,0,No,3,Intersection-Related,3,T-Intersection,1,On Roadway,0,None,3,Dark - Lighted,2,Rain,0,No,0000000,Not Applicable,20,8:00pm-8:59pm,50,50,20,8:00pm-8:59pm,51,51,21,9:00pm-9:59pm,17,17,1
25,Massachusetts,250192,0,0,2,2,0,2,2,23,PLYMOUTH (23),475,HINGHAM,9,September,28,28,4,Wednesday,2022,16,4:00pm-4:59pm,10,10,SR-3A BROAD COVE RD,NA,3,State Highway,2,Urban,3,Principal Arterial - Other,1,State Highway Agency,1,This section IS ON the NHS,0,No Special Jurisdiction,445,445,42.25064444,42.25064444,-70.89784167,-70.89784167,12,Motor Vehicle In-Transport,2,Front-to-Front,0,No,1,Non-Junction,1,Not an Intersection,1,On Roadway,0,None,1,Daylight,1,Clear,0,No,0000000,Not Applicable,16,4:00pm-4:59pm,11,11,16,4:00pm-4:59pm,15,15,16,4:00pm-4:59pm,44,44,1
25,Massachusetts,250193,0,0,1,1,0,1,1,23,PLYMOUTH (23),1360,WAREHAM,9,September,29,29,5,Thursday,2022,14,2:00pm-2:59pm,0,0,WEAVER ST,NA,8,Other,2,Urban,7,Local,3,Town or Township Highway Agency,9,Unknown if this section is on the NHS,0,No Special Jurisdiction,99998,Not Reported,41.79409722,41.79409722,-70.7621,-70.7621,42,Tree (Standing Only),0,The First Harmful Event was Not a Collision with a Motor Vehicle in Transport,0,No,1,Non-Junction,1,Not an Intersection,4,On Roadside,0,None,1,Daylight,1,Clear,0,No,0000000,Not Applicable,14,2:00pm-2:59pm,0,0,14,2:00pm-2:59pm,15,15,14,2:00pm-2:59pm,24,24,1
25,Massachusetts,250194,1,1,1,1,0,3,3,1,BARNSTABLE (1),1535,YARMOUTH,9,September,28,28,4,Wednesday,2022,19,7:00pm-7:59pm,20,20,SR-28,NA,3,State Highway,2,Urban,3,Principal Arterial - Other,1,State Highway Agency,1,This section IS ON the NHS,0,No Special Jurisdiction,269,269,41.65769167,41.65769167,-70.26297778,-70.26297778,8,Pedestrian,0,The First Harmful Event was Not a Collision with a Motor Vehicle in Transport,0,No,1,Non-Junction,1,Not an Intersection,1,On Roadway,0,None,2,Dark - Not Lighted,1,Clear,0,No,0000000,Not Applicable,19,7:00pm-7:59pm,23,23,19,7:00pm-7:59pm,24,24,19,7:00pm-7:59pm,33,33,1
25,Massachusetts,250195,0,0,2,2,0,7,7,17,MIDDLESEX (17),1305,TYNGSBORO,9,September,3,3,7,Saturday,2022,15,3:00pm-3:59pm,47,47,SR-3A FROST RD,NA,3,State Highway,2,Urban,4,Minor Arterial,3,Town or Township Highway Agency,0,This section IS NOT on the NHS,0,No Special Jurisdiction,967,967,42.693325,42.693325,-71.41262222,-71.41262222,12,Motor Vehicle In-Transport,2,Front-to-Front,0,No,1,Non-Junction,1,Not an Intersection,1,On Roadway,0,None,1,Daylight,1,Clear,0,No,0000000,Not Applicable,15,3:00pm-3:59pm,47,47,15,3:00pm-3:59pm,51,51,16,4:00pm-4:59pm,16,16,1
25,Massachusetts,250196,1,1,1,1,0,1,1,25,SUFFOLK (25),120,BOSTON,9,September,8,8,5,Thursday,2022,9,9:00am-9:59am,35,35,SR-203 MORTON ST,WEST SELDEN ST,3,State Highway,2,Urban,3,Principal Arterial - Other,1,State Highway Agency,0,This section IS NOT on the NHS,0,No Special Jurisdiction,99998,Not Reported,42.28043056,42.28043056,-71.0826,-71.0826,8,Pedestrian,0,The First Harmful Event was Not a Collision with a Motor Vehicle in Transport,0,No,3,Intersection-Related,2,Four-Way Intersection,1,On Roadway,0,None,1,Daylight,1,Clear,0,No,0000000,Not Applicable,9,9:00am-9:59am,34,34,9,9:00am-9:59am,40,40,10,10:00am-10:59am,6,6,1
25,Massachusetts,250197,0,0,4,2,2,3,3,17,MIDDLESEX (17),740,MELROSE HIGHLANDS,9,September,4,4,1,Sunday,2022,23,11:00pm-11:59pm,30,30,LYNN FELLS PKWY,NA,8,Other,2,Urban,3,Principal Arterial - Other,21,Other State Agency,1,This section IS ON the NHS,0,No Special Jurisdiction,2,2,42.463075,42.463075,-71.05788056,-71.05788056,12,Motor Vehicle In-Transport,2,Front-to-Front,0,No,1,Non-Junction,1,Not an Intersection,1,On Roadway,0,None,3,Dark - Lighted,10,Cloudy,0,No,0000000,Not Applicable,23,11:00pm-11:59pm,31,31,23,11:00pm-11:59pm,34,34,99,Unknown,99,Unknown EMS Hospital Arrival Time,1
25,Massachusetts,250198,0,0,2,2,0,4,4,9,ESSEX (9),892,NORTH ANDOVER CENTER,9,September,25,25,1,Sunday,2022,6,6:00am-6:59am,59,59,SR-133 GREAT POND RD,NA,3,State Highway,2,Urban,4,Minor Arterial,3,Town or Township Highway Agency,0,This section IS NOT on the NHS,0,No Special Jurisdiction,131,131,42.71446667,42.71446667,-71.10646389,-71.10646389,12,Motor Vehicle In-Transport,2,Front-to-Front,0,No,1,Non-Junction,1,Not an Intersection,1,On Roadway,0,None,4,Dawn,1,Clear,0,No,0000000,Not Applicable,7,7:00am-7:59am,2,2,7,7:00am-7:59am,3,3,99,Unknown,99,Unknown EMS Hospital Arrival Time,1
25,Massachusetts,250199,0,0,2,2,0,4,4,11,FRANKLIN (11),258,DEERFIELD,9,September,5,5,2,Monday,2022,10,10:00am-10:59am,13,13,SR-116,INDUSTRIAL DR E,3,State Highway,2,Urban,3,Principal Arterial - Other,1,State Highway Agency,1,This section IS ON the NHS,0,No Special Jurisdiction,301,301,42.46688889,42.46688889,-72.59910278,-72.59910278,12,Motor Vehicle In-Transport,6,Angle,1,Yes,2,Intersection,3,T-Intersection,1,On Roadway,0,None,1,Daylight,2,Rain,0,No,0000000,Not Applicable,10,10:00am-10:59am,18,18,10,10:00am-10:59am,18,18,99,Unknown,99,Unknown EMS Hospital Arrival Time,1
25,Massachusetts,250200,0,0,2,2,0,2,2,3,BERKSHIRE (3),88,BECKET,9,September,30,30,6,Friday,2022,12,12:00pm-12:59pm,2,2,US-20,NA,2,US Highway,1,Rural,4,Minor Arterial,1,State Highway Agency,1,This section IS ON the NHS,0,No Special Jurisdiction,99998,Not Reported,42.28324444,42.28324444,-73.14422778,-73.14422778,12,Motor Vehicle In-Transport,2,Front-to-Front,0,No,1,Non-Junction,1,Not an Intersection,1,On Roadway,0,None,1,Daylight,1,Clear,0,No,0000000,Not Applicable,12,12:00pm-12:59pm,8,8,12,12:00pm-12:59pm,17,17,99,Unknown,99,Unknown EMS Hospital Arrival Time,1
25,Massachusetts,250201,0,0,1,1,0,1,1,17,MIDDLESEX (17),919,NORTH READING,8,August,1,1,2,Monday,2022,19,7:00pm-7:59pm,0,0,PARK ST,NA,8,Other,2,Urban,7,Local,3,Town or Township Highway Agency,0,This section IS NOT on the NHS,0,No Special Jurisdiction,1,1,42.56639167,42.56639167,-71.10647778,-71.10647778,34,Ditch,0,The First Harmful Event was Not a Collision with a Motor Vehicle in Transport,0,No,1,Non-Junction,1,Not an Intersection,4,On Roadside,0,None,5,Dusk,1,Clear,0,No,0000000,Not Applicable,19,7:00pm-7:59pm,2,2,19,7:00pm-7:59pm,4,4,19,7:00pm-7:59pm,23,23,1
25,Massachusetts,250202,0,0,1,1,0,1,1,21,NORFOLK (21),730,MEDWAY,8,August,2,2,3,Tuesday,2022,11,11:00am-11:59am,37,37,SR-109 MAIN ST,OAK ST,3,State Highway,2,Urban,3,Principal Arterial - Other,3,Town or Township Highway Agency,1,This section IS ON the NHS,0,No Special Jurisdiction,99998,Not Reported,42.14701944,42.14701944,-71.42734444,-71.42734444,33,Curb,0,The First Harmful Event was Not a Collision with a Motor Vehicle in Transport,0,No,3,Intersection-Related,3,T-Intersection,4,On Roadside,0,None,1,Daylight,1,Clear,0,No,0000000,Not Applicable,11,11:00am-11:59am,37,37,11,11:00am-11:59am,39,39,88,Not Applicable (Not Transported),88,Not Applicable (Not Transported),1
25,Massachusetts,250203,1,1,1,1,0,1,1,25,SUFFOLK (25),120,BOSTON,8,August,2,2,3,Tuesday,2022,21,9:00pm-9:59pm,58,58,WALNUT AVE,SEAVER ST,8,Other,2,Urban,3,Principal Arterial - Other,4,City or Municipal Highway Agency,1,This section IS ON the NHS,0,No Special Jurisdiction,99998,Not Reported,42.31336389,42.31336389,-71.09506389,-71.09506389,8,Pedestrian,0,The First Harmful Event was Not a Collision with a Motor Vehicle in Transport,0,No,3,Intersection-Related,2,Four-Way Intersection,1,On Roadway,0,None,3,Dark - Lighted,1,Clear,0,No,0000000,Not Applicable,22,10:00pm-10:59pm,14,14,22,10:00pm-10:59pm,23,23,22,10:00pm-10:59pm,30,30,1
25,Massachusetts,250204,0,0,3,3,0,4,4,17,MIDDLESEX (17),1297,TOWNSEND,8,August,5,5,6,Friday,2022,15,3:00pm-3:59pm,24,24,MASON RD,NA,8,Other,2,Urban,5,Major Collector,3,Town or Township Highway Agency,0,This section IS NOT on the NHS,0,No Special Jurisdiction,4,4,42.68266111,42.68266111,-71.7432,-71.7432,12,Motor Vehicle In-Transport,6,Angle,0,No,1,Non-Junction,1,Not an Intersection,1,On Roadway,0,None,1,Daylight,1,Clear,0,No,0000000,Not Applicable,15,3:00pm-3:59pm,24,24,15,3:00pm-3:59pm,31,31,16,4:00pm-4:59pm,11,11,1
25,Massachusetts,250205,0,0,1,1,0,3,3,17,MIDDLESEX (17),630,LOWELL,8,August,7,7,1,Sunday,2022,11,11:00am-11:59am,30,30,PAWTUCKET BLVD,NA,8,Other,2,Urban,4,Minor Arterial,1,State Highway Agency,0,This section IS NOT on the NHS,0,No Special Jurisdiction,340,340,42.64203611,42.64203611,-71.36985556,-71.36985556,33,Curb,0,The First Harmful Event was Not a Collision with a Motor Vehicle in Transport,0,No,1,Non-Junction,1,Not an Intersection,4,On Roadside,0,None,1,Daylight,1,Clear,0,No,0000000,Not Applicable,11,11:00am-11:59am,34,34,11,11:00am-11:59am,39,39,11,11:00am-11:59am,55,55,1
25,Massachusetts,250206,2,2,1,1,0,1,1,15,HAMPSHIRE (15),295,EASTHAMPTON,8,August,2,2,3,Tuesday,2022,19,7:00pm-7:59pm,29,29,SR-10 NORTHAMPTON ST,NA,3,State Highway,2,Urban,3,Principal Arterial - Other,1,State Highway Agency,1,This section IS ON the NHS,0,No Special Jurisdiction,228,228,42.27895,42.27895,-72.67154444,-72.67154444,8,Pedestrian,0,The First Harmful Event was Not a Collision with a Motor Vehicle in Transport,0,No,1,Non-Junction,1,Not an Intersection,1,On Roadway,0,None,1,Daylight,1,Clear,0,No,0000000,Not Applicable,19,7:00pm-7:59pm,29,29,19,7:00pm-7:59pm,33,33,20,8:00pm-8:59pm,1,1,2
25,Massachusetts,250207,0,0,2,2,0,2,2,13,HAMPDEN (13),500,HOLYOKE,8,August,3,3,4,Wednesday,2022,7,7:00am-7:59am,57,57,US-202 WESTFIELD RD,NA,2,US Highway,2,Urban,3,Principal Arterial - Other,4,City or Municipal Highway Agency,1,This section IS ON the NHS,0,No Special Jurisdiction,187,187,42.18673056,42.18673056,-72.65128889,-72.65128889,12,Motor Vehicle In-Transport,2,Front-to-Front,0,No,1,Non-Junction,1,Not an Intersection,1,On Roadway,0,None,1,Daylight,1,Clear,0,No,0000000,Not Applicable,8,8:00am-8:59am,3,3,8,8:00am-8:59am,6,6,88,Not Applicable (Not Transported),88,Not Applicable (Not Transported),1
25,Massachusetts,250208,0,0,1,1,0,1,1,5,BRISTOL (5),1268,SWANSEA,8,August,11,11,5,Thursday,2022,0,0:00am-0:59am,7,7,REED RD,NA,8,Other,2,Urban,7,Local,3,Town or Township Highway Agency,0,This section IS NOT on the NHS,0,No Special Jurisdiction,0,None,41.77478333,41.77478333,-71.23428056,-71.23428056,53,Mail Box,0,The First Harmful Event was Not a Collision with a Motor Vehicle in Transport,0,No,1,Non-Junction,1,Not an Intersection,4,On Roadside,0,None,2,Dark - Not Lighted,1,Clear,0,No,0000000,Not Applicable,0,0:00am-0:59am,5,5,0,0:00am-0:59am,14,14,0,0:00am-0:59am,43,43,1
25,Massachusetts,250209,1,1,1,1,0,1,1,27,WORCESTER (27),1520,WORCESTER,8,August,13,13,7,Saturday,2022,23,11:00pm-11:59pm,37,37,I-290,NA,1,Interstate,2,Urban,1,Interstate,1,State Highway Agency,1,This section IS ON the NHS,0,No Special Jurisdiction,130,130,42.27740556,42.27740556,-71.7976,-71.7976,8,Pedestrian,0,The First Harmful Event was Not a Collision with a Motor Vehicle in Transport,0,No,1,Non-Junction,1,Not an Intersection,1,On Roadway,0,None,3,Dark - Lighted,1,Clear,0,No,0000000,Not Applicable,23,11:00pm-11:59pm,53,53,0,0:00am-0:59am,50,50,88,Not Applicable (Not Transported),88,Not Applicable (Not Transported),1
25,Massachusetts,250210,0,0,1,1,0,1,1,17,MIDDLESEX (17),680,MARLBOROUGH,8,August,18,18,5,Thursday,2022,4,4:00am-4:59am,31,31,HOSMER ST,NA,8,Other,2,Urban,5,Major Collector,4,City or Municipal Highway Agency,0,This section IS NOT on the NHS,0,No Special Jurisdiction,8,8,42.36383056,42.36383056,-71.53346111,-71.53346111,33,Curb,0,The First Harmful Event was Not a Collision with a Motor Vehicle in Transport,0,No,1,Non-Junction,1,Not an Intersection,4,On Roadside,0,None,3,Dark - Lighted,1,Clear,0,No,0000000,Not Applicable,4,4:00am-4:59am,34,34,4,4:00am-4:59am,38,38,5,5:00am-5:59am,12,12,1
25,Massachusetts,250211,0,0,3,3,0,3,3,17,MIDDLESEX (17),520,HOPKINTON,8,August,17,17,4,Wednesday,2022,0,0:00am-0:59am,17,17,I-495,NA,1,Interstate,2,Urban,1,Interstate,1,State Highway Agency,1,This section IS ON the NHS,0,No Special Jurisdiction,99999,Unknown,77.7777,77.7777,777.7777,777.7777,12,Motor Vehicle In-Transport,2,Front-to-Front,0,No,1,Non-Junction,1,Not an Intersection,1,On Roadway,0,None,2,Dark - Not Lighted,1,Clear,0,No,0000000,Not Applicable,0,0:00am-0:59am,26,26,0,0:00am-0:59am,46,46,1,1:00am-1:59am,11,11,1
25,Massachusetts,250212,0,0,1,1,0,1,1,27,WORCESTER (27),565,LANCASTER,8,August,16,16,3,Tuesday,2022,17,5:00pm-5:59pm,15,15,SR-2,NA,3,State Highway,2,Urban,2,Principal Arterial - Other Freeways and Expressways,1,State Highway Agency,1,This section IS ON the NHS,0,No Special Jurisdiction,1035,1035,42.52077222,42.52077222,-71.70109167,-71.70109167,24,Guardrail Face,0,The First Harmful Event was Not a Collision with a Motor Vehicle in Transport,0,No,1,Non-Junction,1,Not an Intersection,3,On Median,0,None,1,Daylight,1,Clear,0,No,0000000,Not Applicable,17,5:00pm-5:59pm,8,8,17,5:00pm-5:59pm,15,15,17,5:00pm-5:59pm,45,45,1
25,Massachusetts,250214,0,0,3,3,0,4,4,27,WORCESTER (27),186,CHARLTON CITY,8,August,19,19,6,Friday,2022,0,0:00am-0:59am,34,34,I-90,NA,1,Interstate,2,Urban,1,Interstate,1,State Highway Agency,1,This section IS ON the NHS,0,No Special Jurisdiction,848,848,42.18383333,42.18383333,-71.88726944,-71.88726944,24,Guardrail Face,0,The First Harmful Event was Not a Collision with a Motor Vehicle in Transport,0,No,1,Non-Junction,1,Not an Intersection,4,On Roadside,0,None,2,Dark - Not Lighted,1,Clear,0,No,0000000,Not Applicable,0,0:00am-0:59am,27,27,0,0:00am-0:59am,34,34,99,Unknown,99,Unknown EMS Hospital Arrival Time,1
25,Massachusetts,250215,0,0,1,1,0,1,1,27,WORCESTER (27),565,LANCASTER,8,August,23,23,3,Tuesday,2022,3,3:00am-3:59am,0,0,SR-70 S MAIN ST,NA,3,State Highway,2,Urban,4,Minor Arterial,3,Town or Township Highway Agency,0,This section IS NOT on the NHS,0,No Special Jurisdiction,148,148,42.44230556,42.44230556,-71.68598611,-71.68598611,59,Traffic Sign Support,0,The First Harmful Event was Not a Collision with a Motor Vehicle in Transport,0,No,1,Non-Junction,1,Not an Intersection,4,On Roadside,0,None,3,Dark - Lighted,2,Rain,0,No,0000000,Not Applicable,3,3:00am-3:59am,1,1,3,3:00am-3:59am,13,13,3,3:00am-3:59am,40,40,1
25,Massachusetts,250216,0,0,3,3,0,3,3,21,NORFOLK (21),1140,SHARON,8,August,4,4,5,Thursday,2022,19,7:00pm-7:59pm,44,44,I-95,NA,1,Interstate,2,Urban,1,Interstate,1,State Highway Agency,1,This section IS ON the NHS,0,No Special Jurisdiction,170,170,42.09936389,42.09936389,-71.228175,-71.228175,12,Motor Vehicle In-Transport,1,Front-to-Rear,0,No,1,Non-Junction,1,Not an Intersection,1,On Roadway,0,None,2,Dark - Not Lighted,1,Clear,0,No,0000000,Not Applicable,19,7:00pm-7:59pm,48,48,19,7:00pm-7:59pm,54,54,20,8:00pm-8:59pm,22,22,1
25,Massachusetts,250217,0,0,1,1,0,1,1,17,MIDDLESEX (17),375,FRAMINGHAM,8,August,12,12,6,Friday,2022,20,8:00pm-8:59pm,23,23,SALEM END RD,NA,8,Other,2,Urban,5,Major Collector,4,City or Municipal Highway Agency,0,This section IS NOT on the NHS,0,No Special Jurisdiction,27,27,42.29316667,42.29316667,-71.44933611,-71.44933611,1,Rollover/Overturn,0,The First Harmful Event was Not a Collision with a Motor Vehicle in Transport,0,No,1,Non-Junction,1,Not an Intersection,1,On Roadway,0,None,3,Dark - Lighted,1,Clear,0,No,0000000,Not Applicable,20,8:00pm-8:59pm,24,24,20,8:00pm-8:59pm,28,28,99,Unknown,99,Unknown EMS Hospital Arrival Time,1
25,Massachusetts,250218,0,0,1,1,0,1,1,21,NORFOLK (21),1276,STOUGHTON,8,August,24,24,4,Wednesday,2022,20,8:00pm-8:59pm,30,30,SR-24,NA,3,State Highway,2,Urban,2,Principal Arterial - Other Freeways and Expressways,1,State Highway Agency,1,This section IS ON the NHS,2,Military,372,372,42.15338333,42.15338333,-71.06790278,-71.06790278,24,Guardrail Face,0,The First Harmful Event was Not a Collision with a Motor Vehicle in Transport,1,Yes,19,Other location within Interchange Area,1,Not an Intersection,4,On Roadside,0,None,2,Dark - Not Lighted,1,Clear,0,No,0000000,Not Applicable,20,8:00pm-8:59pm,36,36,20,8:00pm-8:59pm,41,41,21,9:00pm-9:59pm,4,4,1
25,Massachusetts,250219,0,0,1,1,0,5,5,27,WORCESTER (27),1310,UPTON,8,August,6,6,7,Saturday,2022,21,9:00pm-9:59pm,7,7,GLEN VIEW ST,NA,8,Other,2,Urban,7,Local,3,Town or Township Highway Agency,0,This section IS NOT on the NHS,0,No Special Jurisdiction,12,12,42.17027222,42.17027222,-71.57555556,-71.57555556,42,Tree (Standing Only),0,The First Harmful Event was Not a Collision with a Motor Vehicle in Transport,0,No,1,Non-Junction,1,Not an Intersection,4,On Roadside,0,None,3,Dark - Lighted,1,Clear,0,No,0000000,Not Applicable,21,9:00pm-9:59pm,7,7,21,9:00pm-9:59pm,17,17,22,10:00pm-10:59pm,17,17,1
25,Massachusetts,250221,0,0,1,1,0,2,2,5,BRISTOL (5),50,ATTLEBORO,8,August,12,12,6,Friday,2022,17,5:00pm-5:59pm,21,21,SR-123 SOUTH AVE,NA,3,State Highway,2,Urban,3,Principal Arterial - Other,4,City or Municipal Highway Agency,1,This section IS ON the NHS,0,No Special Jurisdiction,28,28,41.93156111,41.93156111,-71.33353611,-71.33353611,42,Tree (Standing Only),0,The First Harmful Event was Not a Collision with a Motor Vehicle in Transport,0,No,1,Non-Junction,1,Not an Intersection,4,On Roadside,0,None,1,Daylight,1,Clear,0,No,0000000,Not Applicable,17,5:00pm-5:59pm,20,20,17,5:00pm-5:59pm,26,26,99,Unknown,99,Unknown EMS Hospital Arrival Time,1
25,Massachusetts,250222,0,0,1,1,0,5,5,21,NORFOLK (21),1063,RANDOLPH,8,August,12,12,6,Friday,2022,5,5:00am-5:59am,43,43,I-93,NA,1,Interstate,2,Urban,1,Interstate,1,State Highway Agency,1,This section IS ON the NHS,0,No Special Jurisdiction,32,32,42.20233333,42.20233333,-71.08436389,-71.08436389,30,Utility Pole/Light Support,0,The First Harmful Event was Not a Collision with a Motor Vehicle in Transport,1,Yes,19,Other location within Interchange Area,1,Not an Intersection,4,On Roadside,0,None,1,Daylight,1,Clear,0,No,0000000,Not Applicable,5,5:00am-5:59am,44,44,5,5:00am-5:59am,52,52,6,6:00am-6:59am,18,18,1
25,Massachusetts,250223,0,0,3,3,0,3,3,15,HAMPSHIRE (15),30,AMHERST,8,August,19,19,6,Friday,2022,8,8:00am-8:59am,43,43,SR-116,NA,3,State Highway,2,Urban,3,Principal Arterial - Other,1,State Highway Agency,1,This section IS ON the NHS,0,No Special Jurisdiction,251,251,42.42210833,42.42210833,-72.53740833,-72.53740833,12,Motor Vehicle In-Transport,2,Front-to-Front,0,No,1,Non-Junction,1,Not an Intersection,1,On Roadway,0,None,1,Daylight,1,Clear,0,No,0000000,Not Applicable,8,8:00am-8:59am,43,43,8,8:00am-8:59am,48,48,99,Unknown,99,Unknown EMS Hospital Arrival Time,1
25,Massachusetts,250224,0,0,1,1,0,1,1,27,WORCESTER (27),610,LEOMINSTER,8,August,24,24,4,Wednesday,2022,9,9:00am-9:59am,12,12,GRAHAM ST,LANCASTER ST,8,Other,2,Urban,7,Local,3,Town or Township Highway Agency,0,This section IS NOT on the NHS,0,No Special Jurisdiction,0,None,42.52080833,42.52080833,-71.75518889,-71.75518889,50,Bridge Overhead Structure,0,The First Harmful Event was Not a Collision with a Motor Vehicle in Transport,0,No,3,Intersection-Related,3,T-Intersection,1,On Roadway,0,None,1,Daylight,1,Clear,0,No,0000000,Not Applicable,9,9:00am-9:59am,15,15,9,9:00am-9:59am,19,19,9,9:00am-9:59am,56,56,1
25,Massachusetts,250225,0,0,2,2,0,2,2,27,WORCESTER (27),1520,WORCESTER,8,August,31,31,4,Wednesday,2022,17,5:00pm-5:59pm,17,17,SR-9 BELMONT ST,CONVERSE ST,3,State Highway,2,Urban,3,Principal Arterial - Other,1,State Highway Agency,1,This section IS ON the NHS,0,No Special Jurisdiction,972,972,42.27184444,42.27184444,-71.79453889,-71.79453889,5,Fell/Jumped from Vehicle,0,The First Harmful Event was Not a Collision with a Motor Vehicle in Transport,0,No,3,Intersection-Related,2,Four-Way Intersection,1,On Roadway,0,None,1,Daylight,1,Clear,0,No,0000000,Not Applicable,17,5:00pm-5:59pm,17,17,17,5:00pm-5:59pm,22,22,17,5:00pm-5:59pm,38,38,1
25,Massachusetts,250226,0,0,2,2,0,2,2,17,MIDDLESEX (17),195,CHELMSFORD,8,August,27,27,7,Saturday,2022,11,11:00am-11:59am,3,3,US-3 RAMP,SR-4,2,US Highway,2,Urban,2,Principal Arterial - Other Freeways and Expressways,1,State Highway Agency,1,This section IS ON the NHS,0,No Special Jurisdiction,0,None,42.62203056,42.62203056,-71.36749722,-71.36749722,12,Motor Vehicle In-Transport,1,Front-to-Rear,1,Yes,2,Intersection,7,"Five Point, or More",1,On Roadway,0,None,1,Daylight,1,Clear,0,No,0000000,Not Applicable,10,10:00am-10:59am,45,45,10,10:00am-10:59am,48,48,11,11:00am-11:59am,14,14,1
25,Massachusetts,250227,1,1,1,1,0,1,1,23,PLYMOUTH (23),462,HALIFAX,8,August,20,20,7,Saturday,2022,14,2:00pm-2:59pm,58,58,SR-106 PLYMOUTH ST,NA,3,State Highway,2,Urban,4,Minor Arterial,3,Town or Township Highway Agency,0,This section IS NOT on the NHS,0,No Special Jurisdiction,282,282,41.99738056,41.99738056,-70.83690833,-70.83690833,8,Pedestrian,0,The First Harmful Event was Not a Collision with a Motor Vehicle in Transport,0,No,1,Non-Junction,1,Not an Intersection,1,On Roadway,0,None,1,Daylight,1,Clear,0,No,0000000,Not Applicable,15,3:00pm-3:59pm,0,0,15,3:00pm-3:59pm,2,2,99,Unknown,99,Unknown EMS Hospital Arrival Time,1
25,Massachusetts,250228,1,1,1,1,0,1,1,27,WORCESTER (27),1278,STURBRIDGE,8,August,26,26,6,Friday,2022,1,1:00am-1:59am,21,21,US-20 MAIN ST,NA,2,US Highway,2,Urban,3,Principal Arterial - Other,1,State Highway Agency,1,This section IS ON the NHS,0,No Special Jurisdiction,915,915,42.1124,42.1124,-72.12918889,-72.12918889,8,Pedestrian,0,The First Harmful Event was Not a Collision with a Motor Vehicle in Transport,0,No,1,Non-Junction,1,Not an Intersection,4,On Roadside,0,None,2,Dark - Not Lighted,1,Clear,0,No,0000000,Not Applicable,1,1:00am-1:59am,22,22,1,1:00am-1:59am,31,31,99,Unknown,99,Unknown EMS Hospital Arrival Time,1
25,Massachusetts,250229,1,1,2,2,0,3,3,17,MIDDLESEX (17),630,LOWELL,8,August,27,27,7,Saturday,2022,22,10:00pm-10:59pm,34,34,LOWELL CONNECTOR,NA,8,Other,2,Urban,4,Minor Arterial,4,City or Municipal Highway Agency,9,Unknown if this section is on the NHS,0,No Special Jurisdiction,99998,Not Reported,77.7777,77.7777,777.7777,777.7777,8,Pedestrian,0,The First Harmful Event was Not a Collision with a Motor Vehicle in Transport,0,No,1,Non-Junction,1,Not an Intersection,1,On Roadway,0,None,3,Dark - Lighted,1,Clear,0,No,0000000,Not Applicable,22,10:00pm-10:59pm,37,37,22,10:00pm-10:59pm,45,45,23,11:00pm-11:59pm,12,12,1
25,Massachusetts,250230,0,0,1,1,0,1,1,13,HAMPDEN (13),1270,SPRINGFIELD,10,October,1,1,7,Saturday,2022,1,1:00am-1:59am,22,22,BERKSHIRE AVE,NA,8,Other,2,Urban,4,Minor Arterial,4,City or Municipal Highway Agency,0,This section IS NOT on the NHS,0,No Special Jurisdiction,14,14,42.14134722,42.14134722,-72.5238,-72.5238,33,Curb,0,The First Harmful Event was Not a Collision with a Motor Vehicle in Transport,0,No,1,Non-Junction,1,Not an Intersection,4,On Roadside,0,None,3,Dark - Lighted,1,Clear,0,No,0000000,Not Applicable,1,1:00am-1:59am,25,25,1,1:00am-1:59am,31,31,2,2:00am-2:59am,18,18,1