STATE,STATENAME,ST_CASE,PEDS,PERNOTMVIT,VE_TOTAL,VE_FORMS,PVH_INVL,PERSONS,PERMVIT,COUNTY,COUNTYNAME,CITY,CITYNAME,MONTH,MONTHNAME,DAY,DAYNAME,DAY_WEEK,DAY_WEEKNAME,YEAR,HOUR,HOURNAME,MINUTE,MINUTENAME,TWAY_ID,TWAY_ID2,ROUTE,ROUTENAME,RUR_URB,RUR_URBNAME,FUNC_SYS,FUNC_SYSNAME,RD_OWNER,RD_OWNERNAME,NHS,NHSNAME,SP_JUR,SP_JURNAME,MILEPT,MILEPTNAME,LATITUDE,LATITUDENAME,LONGITUD,LONGITUDNAME,HARM_EV,HARM_EVNAME,MAN_COLL,MAN_COLLNAME,RELJCT1,RELJCT1NAME,RELJCT2,RELJCT2NAME,TYP_INT,TYP_INTNAME,REL_ROAD,REL_ROADNAME,WRK_ZONE,WRK_ZONENAME,LGT_COND,LGT_CONDNAME,WEATHER,WEATHERNAME,SCH_BUS,SCH_BUSNAME,RAIL,RAILNAME,NOT_HOUR,NOT_HOURNAME,NOT_MIN,NOT_MINNAME,ARR_HOUR,ARR_HOURNAME,ARR_MIN,ARR_MINNAME,HOSP_HR,HOSP_HRNAME,HOSP_MN,HOSP_MNNAME,FATALS
25,Massachusetts,250349,0,0,3,2,1,3,3,21,NORFOLK (21),1140,SHARON,2,February,1,1,3,Tuesday,2022,12,12:00pm-12:59pm,5,5,US-1,NA,2,US Highway,2,Urban,3,Principal Arterial - Other,1,State Highway Agency,1,This section IS ON the NHS,0,No Special Jurisdiction,178,178,42.12340278,42.12340278,-71.23106111,-71.23106111,14,Parked Motor Vehicle,0,The First Harmful Event was Not a Collision with a Motor Vehicle in Transport,0,No,1,Non-Junction,1,Not an Intersection,2,On Shoulder,0,None,1,Daylight,10,Cloudy,0,No,0000000,Not Applicable,11,11:00am-11:59am,55,55,12,12:00pm-12:59pm,7,7,12,12:00pm-12:59pm,55,55,1
25,Massachusetts,250350,0,0,1,1,0,1,1,13,HAMPDEN (13),15,SPRINGFIELD,2,February,16,16,4,Wednesday,2022,16,4:00pm-4:59pm,27,27,BOSTON RD,NA,8,Other,2,Urban,3,Principal Arterial - Other,4,City or Municipal Highway Agency,1,This section IS ON the NHS,0,No Special Jurisdiction,37,37,42.126875,42.126875,-72.53183889,-72.53183889,5,Fell/Jumped from Vehicle,0,The First Harmful Event was Not a Collision with a Motor Vehicle in Transport,0,No,1,Non-Junction,1,Not an Intersection,1,On Roadway,0,None,1,Daylight,1,Clear,0,No,0000000,Not Applicable,16,4:00pm-4:59pm,32,32,16,4:00pm-4:59pm,39,39,17,5:00pm-5:59pm,8,8,1
25,Massachusetts,250351,0,1,3,2,1,3,2,17,MIDDLESEX (17),1275,STONEHAM,3,March,3,3,5,Thursday,2022,23,11:00pm-11:59pm,46,46,I-93,NA,1,Interstate,2,Urban,1,Interstate,1,State Highway Agency,1,This section IS ON the NHS,0,No Special Jurisdiction,264,264,42.475175,42.475175,-71.11126389,-71.11126389,12,Motor Vehicle In-Transport,6,Angle,0,No,1,Non-Junction,1,Not an Intersection,1,On Roadway,0,None,3,Dark - Lighted,1,Clear,0,No,0000000,Not Applicable,23,11:00pm-11:59pm,50,50,23,11:00pm-11:59pm,55,55,0,0:00am-0:59am,18,18,1
25,Massachusetts,250352,1,1,1,1,0,2,2,27,WORCESTER (27),610,LEOMINSTER,4,April,11,11,2,Monday,2022,18,6:00pm-6:59pm,38,38,NONE,NA,8,Other,6,Trafficway Not in State Inventory,96,Trafficway Not in State Inventory,96,Trafficway Not in State Inventory,0,This section IS NOT on the NHS,0,No Special Jurisdiction,99998,Not Reported,42.49199722,42.49199722,-71.72905278,-71.72905278,8,Pedestrian,0,The First Harmful Event was Not a Collision with a Motor Vehicle in Transport,0,No,1,Non-Junction,1,Not an Intersection,1,On Roadway,0,None,1,Daylight,1,Clear,0,No,0000000,Not Applicable,18,6:00pm-6:59pm,42,42,18,6:00pm-6:59pm,45,45,19,7:00pm-7:59pm,19,19,1
25,Massachusetts,250353,1,1,1,1,0,1,1,13,HAMPDEN (13),1270,SPRINGFIELD,4,April,11,11,2,Monday,2022,20,8:00pm-8:59pm,5,5,I-291,NA,1,Interstate,2,Urban,1,Interstate,1,State Highway Agency,1,This section IS ON the NHS,0,No Special Jurisdiction,10,10,42.11526944,42.11526944,-72.58956111,-72.58956111,8,Pedestrian,0,The First Harmful Event was Not a Collision with a Motor Vehicle in Transport,0,No,1,Non-Junction,1,Not an Intersection,1,On Roadway,0,None,3,Dark - Lighted,10,Cloudy,0,No,0000000,Not Applicable,20,8:00pm-8:59pm,5,5,20,8:00pm-8:59pm,14,14,88,Not Applicable (Not Transported),88,Not Applicable (Not Transported),1
25,Massachusetts,250354,0,0,1,1,0,1,1,13,HAMPDEN (13),292,EAST LONGMEADOW,4,April,17,17,1,Sunday,2022,16,4:00pm-4:59pm,7,7,MAPLESHADE AVE,NA,8,Other,2,Urban,5,Major Collector,3,Town or Township Highway Agency,0,This section IS NOT on the NHS,0,No Special Jurisdiction,20,20,42.07521667,42.07521667,-72.50378889,-72.50378889,35,Embankment,0,The First Harmful Event was Not a Collision with a Motor Vehicle in Transport,0,No,1,Non-Junction,1,Not an Intersection,4,On Roadside,0,None,1,Daylight,1,Clear,0,No,0000000,Not Applicable,16,4:00pm-4:59pm,16,16,16,4:00pm-4:59pm,20,20,17,5:00pm-5:59pm,15,15,1
25,Massachusetts,250355,0,0,2,2,0,3,3,13,HAMPDEN (13),636,LUDLOW,5,May,25,25,4,Wednesday,2022,11,11:00am-11:59am,46,46,CHAPIN ST,SPORTSMAN RD,8,Other,2,Urban,4,Minor Arterial,3,Town or Township Highway Agency,0,This section IS NOT on the NHS,0,No Special Jurisdiction,0,None,42.16942222,42.16942222,-72.46355,-72.46355,12,Motor Vehicle In-Transport,6,Angle,0,No,2,Intersection,3,T-Intersection,1,On Roadway,0,None,1,Daylight,1,Clear,0,No,0000000,Not Applicable,11,11:00am-11:59am,46,46,11,11:00am-11:59am,49,49,12,12:00pm-12:59pm,17,17,1
25,Massachusetts,250356,0,0,2,2,0,2,2,27,WORCESTER (27),820,MILLVILLE,5,May,29,29,1,Sunday,2022,16,4:00pm-4:59pm,40,40,CENTRAL ST,FLETCHER AVE,8,Other,2,Urban,4,Minor Arterial,3,Town or Township Highway Agency,0,This section IS NOT on the NHS,0,No Special Jurisdiction,10,10,42.02728889,42.02728889,-71.58063056,-71.58063056,12,Motor Vehicle In-Transport,2,Front-to-Front,0,No,2,Intersection,2,Four-Way Intersection,1,On Roadway,0,None,1,Daylight,1,Clear,0,No,0000000,Not Applicable,16,4:00pm-4:59pm,25,25,16,4:00pm-4:59pm,30,30,17,5:00pm-5:59pm,0,0,1
25,Massachusetts,250357,1,1,1,1,0,1,1,27,WORCESTER (27),1520,WORCESTER,5,May,30,30,2,Monday,2022,1,1:00am-1:59am,50,50,MAIN ST,NA,8,Other,2,Urban,3,Principal Arterial - Other,4,City or Municipal Highway Agency,1,This section IS ON the NHS,0,No Special Jurisdiction,99998,Not Reported,42.24624167,42.24624167,-71.82979722,-71.82979722,15,Non-Motorist on Personal Conveyance,0,The First Harmful Event was Not a Collision with a Motor Vehicle in Transport,0,No,1,Non-Junction,1,Not an Intersection,1,On Roadway,0,None,3,Dark - Lighted,1,Clear,0,No,0000000,Not Applicable,1,1:00am-1:59am,50,50,1,1:00am-1:59am,54,54,2,2:00am-2:59am,15,15,1
25,Massachusetts,250358,0,0,2,2,0,3,3,1,BARNSTABLE (1),293,ORLEANS,5,May,30,30,2,Monday,2022,14,2:00pm-2:59pm,42,42,MASSASOIT RD,EDGEWOOD DRIVE,8,Other,2,Urban,7,Local,3,Town or Township Highway Agency,0,This section IS NOT on the NHS,0,No Special Jurisdiction,0,None,41.85058611,41.85058611,-69.98862778,-69.98862778,12,Motor Vehicle In-Transport,6,Angle,0,No,2,Intersection,3,T-Intersection,1,On Roadway,0,None,1,Daylight,1,Clear,0,No,0000000,Not Applicable,14,2:00pm-2:59pm,45,45,14,2:00pm-2:59pm,47,47,88,Not Applicable (Not Transported),88,Not Applicable (Not Transported),1
25,Massachusetts,250359,0,0,1,1,0,1,1,23,PLYMOUTH (23),1400,WEST BRIDGEWATER,6,June,5,5,1,Sunday,2022,10,10:00am-10:59am,23,23,EAST ST,NA,8,Other,2,Urban,4,Minor Arterial,3,Town or Township Highway Agency,0,This section IS NOT on the NHS,0,No Special Jurisdiction,13,13,41.9888,41.9888,-70.91139167,-70.91139167,30,Utility Pole/Light Support,0,The First Harmful Event was Not a Collision with a Motor Vehicle in Transport,0,No,1,Non-Junction,1,Not an Intersection,4,On Roadside,0,None,1,Daylight,1,Clear,0,No,0000000,Not Applicable,10,10:00am-10:59am,26,26,10,10:00am-10:59am,28,28,10,10:00am-10:59am,59,59,1
25,Massachusetts,250360,0,0,2,2,0,2,2,17,MIDDLESEX (17),261,DRACUT,6,June,7,7,3,Tuesday,2022,10,10:00am-10:59am,6,6,BROADWAY RD,SALEM RD,8,Other,2,Urban,4,Minor Arterial,1,State Highway Agency,0,This section IS NOT on the NHS,0,No Special Jurisdiction,0,None,42.70155,42.70155,-71.25416111,-71.25416111,12,Motor Vehicle In-Transport,6,Angle,0,No,2,Intersection,3,T-Intersection,1,On Roadway,0,None,1,Daylight,1,Clear,0,No,0000000,Not Applicable,10,10:00am-10:59am,8,8,10,10:00am-10:59am,17,17,10,10:00am-10:59am,44,44,1
25,Massachusetts,250361,0,0,2,2,0,2,2,13,HAMPDEN (13),292,EAST LONGMEADOW,6,June,10,10,6,Friday,2022,7,7:00am-7:59am,7,7,SR-83 SOMER RD,PEASE RD,3,State Highway,2,Urban,3,Principal Arterial - Other,3,Town or Township Highway Agency,1,This section IS ON the NHS,0,No Special Jurisdiction,0,None,42.04858889,42.04858889,-72.47780278,-72.47780278,12,Motor Vehicle In-Transport,2,Front-to-Front,0,No,2,Intersection,3,T-Intersection,1,On Roadway,0,None,1,Daylight,1,Clear,0,No,0000000,Not Applicable,7,7:00am-7:59am,10,10,7,7:00am-7:59am,13,13,7,7:00am-7:59am,37,37,1
25,Massachusetts,250362,0,0,2,2,0,2,2,1,BARNSTABLE (1),1120,SANDWICH,6,June,10,10,6,Friday,2022,9,9:00am-9:59am,48,48,SR-130,NONE,3,State Highway,2,Urban,3,Principal Arterial - Other,3,Town or Township Highway Agency,1,This section IS ON the NHS,0,No Special Jurisdiction,71,71,41.71217222,41.71217222,-70.49087222,-70.49087222,12,Motor Vehicle In-Transport,6,Angle,0,No,2,Intersection,3,T-Intersection,1,On Roadway,0,None,1,Daylight,1,Clear,0,No,0000000,Not Applicable,9,9:00am-9:59am,51,51,9,9:00am-9:59am,53,53,88,Not Applicable (Not Transported),88,Not Applicable (Not Transported),1
25,Massachusetts,250363,0,0,5,3,2,4,4,25,SUFFOLK (25),120,BOSTON,6,June,11,11,7,Saturday,2022,2,2:00am-2:59am,8,8,WASHINGTON ST,TREMLETT ST,8,Other,2,Urban,4,Minor Arterial,4,City or Municipal Highway Agency,0,This section IS NOT on the NHS,0,No Special Jurisdiction,0,None,42.29438889,42.29438889,-71.07197222,-71.07197222,12,Motor Vehicle In-Transport,7,Sideswipe - Same Direction,0,No,3,Intersection-Related,3,T-Intersection,1,On Roadway,0,None,3,Dark - Lighted,1,Clear,0,No,0000000,Not Applicable,2,2:00am-2:59am,10,10,2,2:00am-2:59am,18,18,2,2:00am-2:59am,27,27,1
25,Massachusetts,250364,0,0,1,1,0,2,2,27,WORCESTER (27),1370,WARREN,6,June,11,11,7,Saturday,2022,6,6:00am-6:59am,5,5,I-90 W,NA,1,Interstate,2,Urban,1,Interstate,1,State Highway Agency,1,This section IS ON the NHS,0,No Special Jurisdiction,99998,Not Reported,42.18203333,42.18203333,-72.22067222,-72.22067222,52,Guardrail End,0,The First Harmful Event was Not a Collision with a Motor Vehicle in Transport,0,No,1,Non-Junction,1,Not an Intersection,4,On Roadside,0,None,1,Daylight,10,Cloudy,0,No,0000000,Not Applicable,6,6:00am-6:59am,1,1,6,6:00am-6:59am,5,5,88,Not Applicable (Not Transported),88,Not Applicable (Not Transported),1
25,Massachusetts,250365,0,0,1,1,0,1,1,21,NORFOLK (21),370,FOXBORO,6,June,12,12,1,Sunday,2022,4,4:00am-4:59am,45,45,I-495 SOUTH,NA,1,Interstate,2,Urban,1,Interstate,1,State Highway Agency,1,This section IS ON the NHS,0,No Special Jurisdiction,99998,Not Reported,42.03268611,42.03268611,-71.25014167,-71.25014167,52,Guardrail End,0,The First Harmful Event was Not a Collision with a Motor Vehicle in Transport,0,No,1,Non-Junction,1,Not an Intersection,3,On Median,0,None,4,Dawn,1,Clear,0,No,0000000,Not Applicable,4,4:00am-4:59am,48,48,4,4:00am-4:59am,57,57,88,Not Applicable (Not Transported),88,Not Applicable (Not Transported),1
25,Massachusetts,250366,0,0,2,2,0,4,4,13,HAMPDEN (13),1270,SPRINGFIELD,6,June,13,13,2,Monday,2022,20,8:00pm-8:59pm,53,53,BRECKWOOD BLVD,NA,8,Other,2,Urban,4,Minor Arterial,4,City or Municipal Highway Agency,0,This section IS NOT on the NHS,0,No Special Jurisdiction,0,None,42.116825,42.116825,-72.52421667,-72.52421667,12,Motor Vehicle In-Transport,6,Angle,0,No,4,Driveway Access,1,Not an Intersection,1,On Roadway,0,None,1,Daylight,1,Clear,0,No,0000000,Not Applicable,20,8:00pm-8:59pm,55,55,21,9:00pm-9:59pm,0,0,21,9:00pm-9:59pm,17,17,1
25,Massachusetts,250367,0,0,2,2,0,2,2,21,NORFOLK (21),825,MILTON,6,June,13,13,2,Monday,2022,21,9:00pm-9:59pm,20,20,UNQUITY RD,NA,8,Other,2,Urban,4,Minor Arterial,3,Town or Township Highway Agency,0,This section IS NOT on the NHS,0,No Special Jurisdiction,0,None,42.22654167,42.22654167,-71.09440278,-71.09440278,12,Motor Vehicle In-Transport,7,Sideswipe - Same Direction,0,No,1,Non-Junction,1,Not an Intersection,1,On Roadway,0,None,2,Dark - Not Lighted,1,Clear,0,No,0000000,Not Applicable,21,9:00pm-9:59pm,10,10,21,9:00pm-9:59pm,28,28,21,9:00pm-9:59pm,53,53,1
25,Massachusetts,250368,0,0,2,2,0,3,3,5,BRISTOL (5),1133,TOWN OF REHOBOTH,6,June,13,13,2,Monday,2022,18,6:00pm-6:59pm,4,4,US-44 TAUNTON AVE,LINCOLN ST,2,US Highway,2,Urban,3,Principal Arterial - Other,1,State Highway Agency,1,This section IS ON the NHS,0,No Special Jurisdiction,99998,Not Reported,41.83201389,41.83201389,-71.30302222,-71.30302222,12,Motor Vehicle In-Transport,6,Angle,0,No,2,Intersection,2,Four-Way Intersection,1,On Roadway,0,None,1,Daylight,1,Clear,0,No,0000000,Not Applicable,18,6:00pm-6:59pm,5,5,18,6:00pm-6:59pm,7,7,18,6:00pm-6:59pm,19,19,2
25,Massachusetts,250369,1,1,1,1,0,1,1,17,MIDDLESEX (17),1375,WATERTOWN,6,June,14,14,3,Tuesday,2022,15,3:00pm-3:59pm,13,13,PLEASANT ST,REPTON ST,8,Other,2,Urban,5,Major Collector,3,Town or Township Highway Agency,9,Unknown if this section is on the NHS,0,No Special Jurisdiction,0,None,42.36735833,42.36735833,-71.213525,-71.213525,9,Pedalcyclist,0,The First Harmful Event was Not a Collision with a Motor Vehicle in Transport,0,No,2,Intersection,3,T-Intersection,1,On Roadway,0,None,1,Daylight,1,Clear,0,No,0000000,Not Applicable,15,3:00pm-3:59pm,14,14,15,3:00pm-3:59pm,26,26,15,3:00pm-3:59pm,52,52,1
25,Massachusetts,250370,0,0,1,1,0,1,1,27,WORCESTER (27),1095,ROYALSTON,6,June,14,14,3,Tuesday,2022,22,10:00pm-10:59pm,45,45,SR-68NB SOUTH ROYALSTON RD,NA,3,State Highway,2,Urban,5,Major Collector,3,Town or Township Highway Agency,0,This section IS NOT on the NHS,0,No Special Jurisdiction,0,None,42.65248889,42.65248889,-72.15700556,-72.15700556,30,Utility Pole/Light Support,0,The First Harmful Event was Not a Collision with a Motor Vehicle in Transport,0,No,1,Non-Junction,1,Not an Intersection,5,Outside Trafficway,0,None,2,Dark - Not Lighted,1,Clear,0,No,0000000,Not Applicable,22,10:00pm-10:59pm,46,46,22,10:00pm-10:59pm,55,55,88,Not Applicable (Not Transported),88,Not Applicable (Not Transported),1
25,Massachusetts,250371,0,0,2,2,0,2,2,23,PLYMOUTH (23),140,BROCKTON,12,December,9,9,6,Friday,2022,11,11:00am-11:59am,35,35,N WARREN AVE,PROSPECT ST,8,Other,2,Urban,5,Major Collector,4,City or Municipal Highway Agency,0,This section IS NOT on the NHS,0,No Special Jurisdiction,4,4,42.09150278,42.09150278,-71.02552222,-71.02552222,12,Motor Vehicle In-Transport,6,Angle,0,No,2,Intersection,2,Four-Way Intersection,1,On Roadway,0,None,1,Daylight,1,Clear,0,No,0000000,Not Applicable,11,11:00am-11:59am,38,38,11,11:00am-11:59am,42,42,12,12:00pm-12:59pm,13,13,1
25,Massachusetts,250372,0,0,2,2,0,3,3,17,MIDDLESEX (17),1503,WINCHESTER,11,November,20,20,1,Sunday,2022,16,4:00pm-4:59pm,23,23,FOREST ST,NA,8,Other,2,Urban,4,Minor Arterial,3,Town or Township Highway Agency,0,This section IS NOT on the NHS,0,No Special Jurisdiction,5,5,42.470725,42.470725,-71.11725278,-71.11725278,12,Motor Vehicle In-Transport,6,Angle,0,No,1,Non-Junction,1,Not an Intersection,1,On Roadway,0,None,1,Daylight,1,Clear,0,No,0000000,Not Applicable,16,4:00pm-4:59pm,23,23,16,4:00pm-4:59pm,26,26,16,4:00pm-4:59pm,56,56,1
25,Massachusetts,250373,0,0,1,1,0,1,1,9,ESSEX (9),1000,PEABODY,7,July,3,3,1,Sunday,2022,17,5:00pm-5:59pm,25,25,HERRICK RD,NA,8,Other,2,Urban,7,Local,4,City or Municipal Highway Agency,0,This section IS NOT on the NHS,0,No Special Jurisdiction,99999,Unknown,42.54979444,42.54979444,-71.0179,-71.0179,33,Curb,0,The First Harmful Event was Not a Collision with a Motor Vehicle in Transport,0,No,1,Non-Junction,1,Not an Intersection,4,On Roadside,0,None,1,Daylight,1,Clear,0,No,0000000,Not Applicable,17,5:00pm-5:59pm,28,28,17,5:00pm-5:59pm,39,39,17,5:00pm-5:59pm,59,59,1
25,Massachusetts,250374,0,0,1,1,0,1,1,27,WORCESTER (27),390,GARDNER,7,July,11,11,2,Monday,2022,6,6:00am-6:59am,56,56,CHESTNUT ST,NA,8,Other,2,Urban,5,Major Collector,4,City or Municipal Highway Agency,0,This section IS NOT on the NHS,0,No Special Jurisdiction,5,5,42.57584722,42.57584722,-71.98590833,-71.98590833,41,Shrubbery,0,The First Harmful Event was Not a Collision with a Motor Vehicle in Transport,0,No,1,Non-Junction,1,Not an Intersection,4,On Roadside,0,None,1,Daylight,1,Clear,0,No,0000000,Not Applicable,6,6:00am-6:59am,56,56,7,7:00am-7:59am,3,3,7,7:00am-7:59am,26,26,1
25,Massachusetts,250375,1,1,1,1,0,1,1,27,WORCESTER (27),1380,WEBSTER,7,July,24,24,1,Sunday,2022,16,4:00pm-4:59pm,7,7,FIRST ST,NA,8,Other,2,Urban,7,Local,3,Town or Township Highway Agency,0,This section IS NOT on the NHS,0,No Special Jurisdiction,1,1,42.04211389,42.04211389,-71.88065278,-71.88065278,9,Pedalcyclist,0,The First Harmful Event was Not a Collision with a Motor Vehicle in Transport,0,No,1,Non-Junction,1,Not an Intersection,1,On Roadway,0,None,1,Daylight,1,Clear,0,No,0000000,Not Applicable,16,4:00pm-4:59pm,8,8,16,4:00pm-4:59pm,11,11,16,4:00pm-4:59pm,28,28,1
25,Massachusetts,250376,0,0,2,2,0,4,4,17,MIDDLESEX (17),720,MEDFORD,10,October,18,18,3,Tuesday,2022,3,3:00am-3:59am,50,50,I-93 NORTHERN EXPY,NA,1,Interstate,2,Urban,1,Interstate,1,State Highway Agency,1,This section IS ON the NHS,0,No Special Jurisdiction,244,244,42.40865278,42.40865278,-71.10179444,-71.10179444,25,Concrete Traffic Barrier,0,The First Harmful Event was Not a Collision with a Motor Vehicle in Transport,1,Yes,19,Other location within Interchange Area,1,Not an Intersection,3,On Median,0,None,3,Dark - Lighted,2,Rain,0,No,0000000,Not Applicable,4,4:00am-4:59am,12,12,4,4:00am-4:59am,15,15,4,4:00am-4:59am,41,41,1
25,Massachusetts,250377,0,0,2,2,0,2,2,23,PLYMOUTH (23),181,CARVER,6,June,17,17,6,Friday,2022,22,10:00pm-10:59pm,41,41,SR-58 MAIN ST,NA,3,State Highway,2,Urban,4,Minor Arterial,3,Town or Township Highway Agency,0,This section IS NOT on the NHS,0,No Special Jurisdiction,0,None,41.87253889,41.87253889,-70.75954444,-70.75954444,12,Motor Vehicle In-Transport,2,Front-to-Front,0,No,1,Non-Junction,1,Not an Intersection,1,On Roadway,0,None,2,Dark - Not Lighted,1,Clear,0,No,0000000,Not Applicable,22,10:00pm-10:59pm,42,42,22,10:00pm-10:59pm,46,46,23,11:00pm-11:59pm,16,16,1
25,Massachusetts,250378,0,0,2,2,0,4,4,21,NORFOLK (21),9997,Other,6,June,18,18,7,Saturday,2022,9,9:00am-9:59am,41,41,INDEPENDENCE AVE,CHURCH ST,8,Other,2,Urban,3,Principal Arterial - Other,3,Town or Township Highway Agency,0,This section IS NOT on the NHS,0,No Special Jurisdiction,17,17,42.22695556,42.22695556,-71.00466111,-71.00466111,12,Motor Vehicle In-Transport,6,Angle,1,Yes,2,Intersection,7,"Five Point, or More",1,On Roadway,0,None,1,Daylight,1,Clear,0,No,0000000,Not Applicable,9,9:00am-9:59am,42,42,9,9:00am-9:59am,51,51,10,10:00am-10:59am,34,34,1
25,Massachusetts,250379,1,1,1,1,0,1,1,27,WORCESTER (27),1520,WORCESTER,6,June,25,25,7,Saturday,2022,10,10:00am-10:59am,28,28,SR-9 BOSTON WORCESTER TPKE,LAKE AVE,3,State Highway,2,Urban,3,Principal Arterial - Other,1,State Highway Agency,0,This section IS NOT on the NHS,0,No Special Jurisdiction,362,362,42.27418611,42.27418611,-71.75875,-71.75875,8,Pedestrian,0,The First Harmful Event was Not a Collision with a Motor Vehicle in Transport,0,No,3,Intersection-Related,2,Four-Way Intersection,1,On Roadway,0,None,1,Daylight,1,Clear,0,No,0000000,Not Applicable,10,10:00am-10:59am,29,29,10,10:00am-10:59am,32,32,10,10:00am-10:59am,45,45,1
25,Massachusetts,250380,0,0,1,1,0,1,1,17,MIDDLESEX (17),845,NATICK,9,September,29,29,5,Thursday,2022,17,5:00pm-5:59pm,50,50,UNION ST,NA,8,Other,2,Urban,4,Minor Arterial,3,Town or Township Highway Agency,0,This section IS NOT on the NHS,0,No Special Jurisdiction,74,74,42.28360833,42.28360833,-71.33697222,-71.33697222,30,Utility Pole/Light Support,0,The First Harmful Event was Not a Collision with a Motor Vehicle in Transport,0,No,1,Non-Junction,1,Not an Intersection,4,On Roadside,0,None,1,Daylight,1,Clear,0,No,0000000,Not Applicable,17,5:00pm-5:59pm,50,50,17,5:00pm-5:59pm,56,56,18,6:00pm-6:59pm,8,8,1
25,Massachusetts,250381,1,1,1,1,0,1,1,9,ESSEX (9),570,LAWRENCE,9,September,26,26,2,Monday,2022,7,7:00am-7:59am,52,52,BERKELEY ST,NA,8,Other,2,Urban,5,Major Collector,4,City or Municipal Highway Agency,0,This section IS NOT on the NHS,0,No Special Jurisdiction,3,3,42.7195,42.7195,-71.15976667,-71.15976667,8,Pedestrian,0,The First Harmful Event was Not a Collision with a Motor Vehicle in Transport,0,No,1,Non-Junction,1,Not an Intersection,1,On Roadway,0,None,4,Dawn,10,Cloudy,0,No,0000000,Not Applicable,7,7:00am-7:59am,55,55,8,8:00am-8:59am,4,4,8,8:00am-8:59am,9,9,1
25,Massachusetts,250382,1,1,1,1,0,1,1,13,HAMPDEN (13),1247,SOUTHWICK,9,September,18,18,1,Sunday,2022,15,3:00pm-3:59pm,47,47,NONE,NA,8,Other,6,Trafficway Not in State Inventory,96,Trafficway Not in State Inventory,96,Trafficway Not in State Inventory,0,This section IS NOT on the NHS,0,No Special Jurisdiction,0,None,42.0247,42.0247,-72.78803889,-72.78803889,8,Pedestrian,0,The First Harmful Event was Not a Collision with a Motor Vehicle in Transport,0,No,1,Non-Junction,1,Not an Intersection,1,On Roadway,0,None,1,Daylight,1,Clear,0,No,0000000,Not Applicable,15,3:00pm-3:59pm,47,47,15,3:00pm-3:59pm,51,51,16,4:00pm-4:59pm,25,25,1
25,Massachusetts,250383,0,0,1,1,0,1,1,13,HAMPDEN (13),15,SPRINGFIELD,9,September,12,12,2,Monday,2022,17,5:00pm-5:59pm,25,25,PAGE BLVD,NA,8,Other,2,Urban,7,Local,4,City or Municipal Highway Agency,0,This section IS NOT on the NHS,0,No Special Jurisdiction,99999,Unknown,77.7777,77.7777,777.7777,777.7777,7,Other Non-Collision,0,The First Harmful Event was Not a Collision with a Motor Vehicle in Transport,0,No,1,Non-Junction,1,Not an Intersection,4,On Roadside,0,None,1,Daylight,1,Clear,0,No,0000000,Not Applicable,17,5:00pm-5:59pm,26,26,17,5:00pm-5:59pm,32,32,18,6:00pm-6:59pm,11,11,1
25,Massachusetts,250384,0,0,1,1,0,1,1,9,ESSEX (9),654,SOUTH LYNNFIELD,9,September,3,3,7,Saturday,2022,13,1:00pm-1:59pm,52,52,WALNUT ST,NA,8,Other,2,Urban,4,Minor Arterial,3,Town or Township Highway Agency,0,This section IS NOT on the NHS,0,No Special Jurisdiction,12,12,42.51028611,42.51028611,-71.0279,-71.0279,33,Curb,0,The First Harmful Event was Not a Collision with a Motor Vehicle in Transport,0,No,1,Non-Junction,1,Not an Intersection,4,On Roadside,0,None,1,Daylight,1,Clear,0,No,0000000,Not Applicable,13,1:00pm-1:59pm,58,58,13,1:00pm-1:59pm,59,59,14,2:00pm-2:59pm,24,24,1
25,Massachusetts,250385,1,1,1,1,0,1,1,17,MIDDLESEX (17),310,EVERETT,8,August,27,27,7,Saturday,2022,1,1:00am-1:59am,40,40,SR-16 REVERE BEACH PKWY,VINE ST,3,State Highway,2,Urban,3,Principal Arterial - Other,1,State Highway Agency,1,This section IS ON the NHS,0,No Special Jurisdiction,26,26,42.40259444,42.40259444,-71.04770833,-71.04770833,8,Pedestrian,0,The First Harmful Event was Not a Collision with a Motor Vehicle in Transport,0,No,3,Intersection-Related,2,Four-Way Intersection,1,On Roadway,0,None,3,Dark - Lighted,1,Clear,0,No,0000000,Not Applicable,1,1:00am-1:59am,37,37,1,1:00am-1:59am,40,40,2,2:00am-2:59am,6,6,1
25,Massachusetts,250386,0,0,3,3,0,3,3,9,ESSEX (9),892,NORTH ANDOVER CENTER,8,August,3,3,4,Wednesday,2022,9,9:00am-9:59am,49,49,SR-114 TURNPIKE ST,NA,3,State Highway,2,Urban,3,Principal Arterial - Other,1,State Highway Agency,1,This section IS ON the NHS,0,No Special Jurisdiction,77,77,42.62636944,42.62636944,-71.06061389,-71.06061389,12,Motor Vehicle In-Transport,1,Front-to-Rear,0,No,1,Non-Junction,1,Not an Intersection,1,On Roadway,0,None,1,Daylight,1,Clear,0,No,0000000,Not Applicable,9,9:00am-9:59am,53,53,9,9:00am-9:59am,56,56,10,10:00am-10:59am,48,48,1